String,Country
13190,United Kingdom
13191,United Kingdom
13157,United States
14325,Norway
11736,Saudi Arabia
12922,Saudi Arabia
12923,Saudi Arabia
14650,Saudi Arabia
12112,United States
13335,United States
13818,United States
13773,United States
14180,Kazakhstan
14181,Kazakhstan
14417,Kazakhstan
12792,Kazakhstan
12793,Kazakhstan
11667,Kuwait
11932,Kuwait
12584,Kuwait
12603,Kuwait
13438,Kuwait
14204,Kuwait
14414,Kuwait
12113,United States
12860,United States
11906,United States
11907,United States
12592,Saudi Arabia
13289,United States
14296,United States
14027,United States
14028,United States
14029,United States
14742,United States
12604,Canada
13774,United States
12859,United States
13783,United States
11864,United States
11874,Canada
12607,Saudi Arabia
13149,United States
13405,United States
13514,United States
13495,United States
14526,United States
13229,United States
14394,United States
12689,United States
12893,United States
12894,United States
13101,United States
13102,United States
13228,United States
13525,United States
13625,United States
13806,United States
14000,United States
14144,United States
14145,United States
14343,United States
14342,United States
14425,United States
11840,Argentina
13897,Norway
11933,Kuwait
11934,Kuwait
12233,Kuwait
12234,Kuwait
12577,Kuwait
12578,Kuwait
13344,Kuwait
13345,Kuwait
13436,Kuwait
13437,Kuwait
13636,Kuwait
13637,Kuwait
14345,Kuwait
10453,United States
12599,Kuwait
12614,Kuwait
12615,Kuwait
12885,Kuwait
13839,Kuwait
14134,Kuwait
14257,Kuwait
14582,United States
14586,United States
14587,United States
14750,United States
11766,Argentina
12257,Kuwait
13153,United States
13288,United States
13753,United States
13754,United States
13755,United States
12895,United States
12585,United States
11965,United States
12149,United States
11620,United States
11621,United States
12717,United States
12718,United States
12719,United States
12720,United States
14535,United States
14536,United States
14537,United States
14538,United States
14539,United States
12244,Norway
12411,Norway
12451,United States
12700,United States
"11304,",United States
"11305,",United States
14569,Canada
12390,Brazil
12391,Brazil
13736,United States
14483,Colombia
12715,United States
13264,United States
13328,United States
13329,United States
13330,United States
13331,United States
12048,Australia
12588,Australia
14146,United States
13440,United States
14445,United States
13554,Norway
13555,Norway
13556,Norway
12644,United States
10489,Colombia
11818,United States
13035,United States
13066,United States
13134,United States
13290,United States
13291,United States
13553,United States
13798,United States
14042,United States
14116,United States
13299,United States
14585,United States
12889,Canada
"12888, 12888A-F",Canada
12253,United States
13353,United States
14782,United States
13439,United States
14401,United States
12779,United States
12222,United States
12223,United States
12707,United States
12708,United States
12982,United States
12983,United States
13025,United States
13026,United States
13426,United States
13427,United States
13678,United States
13679,United States
13680,United States
13681,United States
14178,United States
14179,United States
14621,United States
14622,United States
14623,United States
14624,United States
12954,United States
11556,United States
14079,United States
12489,United States
12392,United States
12934,United States
14319,United States
14222,United States
12501,United States
"11382,",United States
11944,United States
11945,United States
14031,United States
13777,United States
13992,United States
13562,United States
11898,Canada
12478,Canada
12479,Canada
12661,United States
12662,United States
12897,United States
12955,United States
12956,United States
12957,United States
13682,United States
13683,United States
14036,Canada
"11545,",Canada
14037,Canada
14644,United States
11310,United States
11311,United States
11769,United States
12673,United States
11977,Algeria
12617,United States
14175,United States
13011,Algeria
13093,Algeria
12609,United States
11745,United Arab Emirates
13502,United States
13901,United States
13561,United States
14023,Canada
11878,Canada
12130,United States
13879,United States
14711,United States
12502,United States
12503,United States
12926,United States
12935,United States
12936,United States
12937,United States
13298,United States
13451,United States
13600,United States
13876,United States
13877,United States
14347,United States
14348,United States
14276,Canada
12530,United States
12649,United States
14442,Canada
14443,Canada
14645,United States
14646,United States
13085,United States
13651,United States
14341,United States
14410,United States
"11556,",United States
14746,United States
12892,Australia
12292,Saudi Arabia
12377,Saudi Arabia
12380,Saudi Arabia
13430,Saudi Arabia
13431,Saudi Arabia
13432,Saudi Arabia
13433,Saudi Arabia
13305,Argentina
13501,Argentina
14030,United States
14032,United States
14400,United States
14841,United States
14245,United States
13061,United States
13148,United States
14598,China
12238,United States
11043,United States
12243,United States
12252,United States
13989,Kuwait
13967,Qatar
"13775, 13775A",United States
14829,Oman
14830,Oman
13860,Canada
12800,Mexico
13990,Kuwait
14012,Saudi Arabia
14014,Saudi Arabia
14665,Saudi Arabia
14011,United States
14041,United States
14277,United States
14378,United States
14541,United States
14545,United States
14714,United States
12657,United States
13878,United States
12505,United States
14489,United States
13428,United States
13429,United States
14176,United States
14218,United States
9896,Colombia
14303,United States
13336,United States
13499,United States
13669,United States
11927,United States
14379,United States
14247,United States
12154,United States
12531,United States
12532,United States
12981,United States
14326,Thailand
13322,Saudi Arabia
13418,United States
13702,United States
13996,United States
11838,Argentina
14751,United States
14752,United States
14753,United States
14754,United States
11782,United States
13784,Saudi Arabia
13785,Saudi Arabia
12242,United States
12371,United Kingdom
12448,United States
14302,United States
14449,United States
12185,United States
12220,United States
12357,United States
12797,United States
14118,Argentina
14024,United States
14025,United States
14026,United States
13294,United States
14456,United States
13858,Angola
13859,Angola
14114,United States
14258,United States
13717,Argentina
14117,Argentina
13716,Argentina
13574,United States
14518,United States
11928,United States
12224,United States
12515,United States
13300,United States
12142,Canada
12330,Canada
12775,United States
14427,United States
13341,Kuwait
12455,United States
14418,United States
14546,United States
14767,United States
13267,United States
13559,United States
12561,Brazil
12899,Oman
12961,United States
12962,United States
13209,United States
14272,United States
14273,United States
13306,Saudi Arabia
14317,Iraq
14318,Iraq
14391,Iraq
13609,United States
13610,United States
14002,United States
14630,Colombia
13078,United States
14487,United States
13802,Indonesia
13037,United States
13786,United States
14130,United States
14270,United States
14529,United States
12228,United States
13111,United States
14203,United States
14266,United States
14374,Australia
14375,Australia
12084,United States
13880,United States
12032,United States
12447,United States
13129,United States
13060,Oman
11383,United States
13212,United Arab Emirates
13998,United Kingdom
13067,United States
13223,Canada
14073,Canada
14494,United Arab Emirates
14723,United Arab Emirates
12951,United States
13985,Saudi Arabia
12453,United States
13028,United States
13029,United States
13030,United States
13106,United States
13382,United States
14527,United States
14093,United States
12102,India
10915,United States
10917,United States
12090,United States
12764,United States
11380,United States
"11381,",United States
13161,United States
13984,United Arab Emirates
12118,United States
12146,Denmark
12039,United States
12554,United States
12210,United States
11732,Saudi Arabia
11733,Saudi Arabia
12684,Saudi Arabia
12685,Saudi Arabia
13055,Saudi Arabia
13056,Saudi Arabia
13057,Saudi Arabia
13566,Saudi Arabia
13567,Saudi Arabia
14015,Saudi Arabia
14016,Saudi Arabia
14652,Saudi Arabia
14653,Saudi Arabia
13536,Saudi Arabia
11865,United States
11866,United States
12151,United States
12152,United States
12153,United States
12767,United States
12768,United States
12979,United States
12980,United States
13193,United States
13226,United States
13227,United States
13757,United States
13758,United States
12871,United States
13124,United States
13869,United States
12706,Egypt
14251,United States
14252,United States
14253,United States
14591,United States
14592,United States
14593,United States
13986,Saudi Arabia
14407,Kuwait
12229,United States
10940,United States
12695,United States
13987,Iraq
13560,United States
11889,United States
12230,United States
12186,United States
14087,United States
11937,Egypt
12512,Saudi Arabia
13401,United States
14224,United States
14225,United States
14323,United States
14376,United States
14377,United States
14458,United States
14594,United States
14595,United States
14596,United States
14780,United States
9688,United States
11975,Algeria
11976,Algeria
12940,Saudi Arabia
12941,Saudi Arabia
12986,Saudi Arabia
12987,Saudi Arabia
13162,Saudi Arabia
13163,Saudi Arabia
13500,Saudi Arabia
14010,Saudi Arabia
14013,Saudi Arabia
14108,United Arab Emirates
13822,Iraq
14392,United States
13247,United States
11887,United States
11881,Algeria
11882,Algeria
12082,Kuwait
12083,Kuwait
14152,Kuwait
14153,Kuwait
14154,Kuwait
13988,United States
14268,United States
12606,United States
12496,Libya
12914,Libya
13563,Libya
13656,Libya
13657,Libya
12212,Saudi Arabia
12237,Saudi Arabia
12593,Saudi Arabia
13416,Mexico
13870,United States
13871,United States
12504,United States
12506,United States
13868,United States
14250,United States
13043,United States
138881388913890,United States
11558,United States
12450,United States
12595,Mexico
13194,United States
13195,United States
11452,United States
14632,Argentina
14758,Argentina
12025,United States
12026,United States
12216,United States
12784,United States
12785,United States
12786,United States
11867,New Zealand
12107,Argentina
12145,United States
12147,United States
12520,United States
12709,Argentina
12879,Argentina
12093,Norway
12094,Norway
12121,Norway
11726,United States
11850,Algeria
11851,Algeria
13402,Mexico
12507,Iraq
12508,Iraq
12211,United States
12098,United States
11075,United States
13123,United States
13386,United States
13654,United States
13896,United States
14115,United States
14151,United States
14160,United States
14278,United States
14412,United States
14547,United States
12414,United States
12483,United States
12514,United States
12665,United States
13262,United States
13287,United States
13417,United States
13573,United States
13631,United States
13700,United States
13738,United States
14040,United States
"11016,",United States
12114,United States
12009,Argentina
11828,United States
12536,United States
14020,United States
12883,United States
13518,United States
13188,Argentina
12131,Argentina
12132,Argentina
12355,Argentina
12573,United States
12710,Argentina
13154,Argentina
13155,Argentina
13167,Argentina
11911,Nigeria
13966,Nigeria
14288,Nigeria
12027,United States
12217,United States
12303,United States
12487,United States
12488,United States
12660,United States
13036,United States
"11245,",United States
"11536,",United States
12807,United States
13658,United States
14034,United States
14387,United States
14580,United States
"11522,",United States
11772,United States
12616,Kuwait
14275,United States
14274,United States
14709,United States
13819,United States
12045,United States
13024,United States
13544,United States
13699,United States
13893,United States
13995,United States
14022,United States
14060,United States
14133,United States
11884,Ukraine
12526,United States
10488,Colombia
13053,Canada
13842,United States
12528,United States
13058,Saudi Arabia
13565,Saudi Arabia
14283,Saudi Arabia
11829,Argentina
13176,United States
13177,United States
13178,United States
13179,United States
13838,United States
13982,Saudi Arabia
11770,United States
12096,United States
12471,United States
12472,United States
12513,United States
12537,United States
12538,United States
12586,United States
12663,United States
12664,United States
13064,United States
13065,United States
13230,United States
13112,Saudi Arabia
12896,Qatar
12921,Qatar
12299,United States
12353,United States
12443,United States
12569,United States
12675,United States
13713,China
13714,China
12282,Saudi Arabia
12283,Saudi Arabia
12284,Saudi Arabia
12342,Saudi Arabia
12343,Saudi Arabia
12344,Saudi Arabia
12345,Saudi Arabia
12346,Saudi Arabia
13115,Iraq
14718,Argentina
14770,Argentina
11617,United States
14550,Canada
13253,United States
11941,United States
11942,United States
11016,United States
12087,United States
12493,United States
12884,United States
12378,Colombia
12379,Colombia
12381,Colombia
12382,Colombia
12383,Colombia
12384,Colombia
12385,Colombia
12387,Colombia
12388,Colombia
12395,Colombia
13311,Saudi Arabia
13312,Saudi Arabia
14557,Canada
12279,Argentina
12281,Argentina
13063,United States
13638,United States
14223,United States
14628,Argentina
11868,United States
12203,United States
12204,United States
12574,United States
14121,Indonesia
10956,Netherlands
13317,Saudi Arabia
13318,Saudi Arabia
13319,Saudi Arabia
13895,Saudi Arabia
13983,Saudi Arabia
14301,United States
14001,United States
12801,United States
12802,United States
12704,Egypt
13301,Argentina
13817,Kuwait
13156,United States
11616,United States
12225,United States
12275,United States
12276,United States
"10956,",Norway
13333,United Arab Emirates
13334,United Arab Emirates
12778,United States
12780,United States
12781,United States
12782,United States
12783,United States
13324,Saudi Arabia
13325,Saudi Arabia
13505,United States
13506,United States
13507,United States
13508,United States
13510,United States
13655,Saudi Arabia
13740,Saudi Arabia
13741,Saudi Arabia
13742,Saudi Arabia
13743,Saudi Arabia
13793,United States
14082,Saudi Arabia
14083,Saudi Arabia
14084,Saudi Arabia
14085,Saudi Arabia
14267,Saudi Arabia
14269,Saudi Arabia
"11407,",United States
13509,United States
14271,United States
14380,United States
12842,United States
13503,United States
13504,United States
12602,United States
11752,United States
12036,United States
12135,United States
12241,United States
14351,Chile
14352,Chile
14353,Chile
14354,Chile
14355,Chile
14356,Chile
14357,Chile
14358,Chile
14359,Chile
14360,Chile
14361,Chile
12594,Mexico
12910,Mexico
12911,Mexico
12912,Mexico
13019,United States
13020,United States
13159,United States
13160,United States
13756,United States
14038,Canada
14039,Canada
14307,United States
14643,United States
12143,Malaysia
13735,United States
13898,United States
13712,Iraq
14192,Iraq
14193,Iraq
12494,Libya
12495,Libya
12915,Libya
12916,Libya
12977,Libya
13496,Libya
13546,United States
13603,Libya
13604,Libya
13647,Libya
13648,Libya
13800,Libya
14300,Thailand
14444,United States
14608,Libya
13829,Saudi Arabia
13151,United States
13050,Canada
13592,Canada
13593,Canada
11676,Saudi Arabia
11730,Saudi Arabia
11731,Saudi Arabia
12794,Saudi Arabia
12795,Saudi Arabia
13164,Saudi Arabia
13568,Saudi Arabia
13569,Saudi Arabia
14607,United States
13356,Saudi Arabia
12386,Colombia
11474,United States
12298,Chile
12304,Chile
12305,Chile
12306,Chile
12307,Chile
12308,Chile
12309,Chile
12310,Chile
12311,Chile
12312,Chile
12313,Chile
12314,Chile
12315,Chile
12316,Chile
12318,Chile
12319,Chile
12320,Chile
12322,Chile
12323,Chile
12324,Chile
12325,Chile
12326,Chile
12327,Chile
13231,Chile
13023,United States
13963,United States
13034,United Arab Emirates
14549,Canada
11969,Colombia
13355,Saudi Arabia
14231,Saudi Arabia
14551,Canada
14552,Canada
14553,Canada
14554,Canada
14555,Canada
14556,Canada
13540,Libya
12703,Egypt
14069,United States
14284,Saudi Arabia
11771,Iraq
11970,Colombia
10298,United States
10978,United States
11582,United States
12683,Saudi Arabia
12697,United States
12698,United States
14219,Saudi Arabia
13002,Thailand
11542,Canada
14059,Iraq
14520,Iraq
14635,Chile
13385,Kazakhstan
13602,Libya
13005,Algeria
13006,Algeria
13007,Algeria
13087,Algeria
13088,Algeria
13089,Algeria
13090,Algeria
13091,Algeria
13273,United Arab Emirates
13275,United Arab Emirates
13276,United Arab Emirates
13277,United Arab Emirates
13278,United Arab Emirates
13279,United Arab Emirates
13424,United Arab Emirates
13659,United Arab Emirates
13660,United Arab Emirates
13661,United Arab Emirates
13662,United Arab Emirates
13663,United Arab Emirates
13664,United Arab Emirates
13665,United Arab Emirates
13666,United Arab Emirates
13667,United Arab Emirates
13668,United Arab Emirates
14743,Saudi Arabia
14781,Saudi Arabia
14328,United States
13914,United States
11972,Algeria
11973,Algeria
11974,Algeria
11734,Egypt
12337,Argentina
12770,Argentina
12949,Argentina
12950,Argentina
12985,Argentina
13210,United Arab Emirates
13211,United Arab Emirates
13578,Egypt
14068,Egypt
13232,Chile
13233,Chile
13234,Chile
13235,Chile
13236,Chile
13237,Chile
13238,Chile
13239,Chile
13240,Chile
13241,Chile
13242,Chile
13243,Chile
13244,Chile
13245,Chile
12415,Saudi Arabia
12059,United States
12060,United States
12062,United States
12064,United States
12065,United States
"11326,",United States
13383,Mexico
13313,United States
12236,United States
12722,United Arab Emirates
12723,Oman
12925,United States
12975,United States
13571,United States
14156,United States
14157,United States
14340,United States
14349,United States
14534,United States
11326,United States
12042,United States
12589,United States
12632,United States
12693,United States
13014,United States
13015,United States
13017,United States
13292,United States
13390,United States
13420,United States
13425,United States
13513,United States
13564,United States
13570,United States
14021,United States
12562,United States
13605,United States
13606,United States
14346,Mexico
13321,Saudi Arabia
13575,United States
13576,United States
13650,United States
13857,United States
14402,Mexico
11966,United States
12964,United States
14243,Norway
12769,United States
13165,Canada
11984,Colombia
12464A,Peru
12073,Kuwait
12074,Kuwait
12075,Kuwait
12076,Kuwait
13181,Kuwait
13182,Kuwait
13183,Kuwait
13810,Kuwait
13811,Kuwait
13812,Kuwait
14005,Kuwait
12864,Argentina
14440,United States
12174,Canada
12175,Canada
12176,Canada
12177,Canada
12178,Canada
12771,Argentina
14543,Argentina
11804,Oman
11805,Oman
11806,Oman
13534,Mexico
13198,United States
14717,Libya
12245,United States
"11300,",United States
13196,Canada
13197,Canada
13199,United States
13200,United Arab Emirates
13201,United Arab Emirates
13202,United Arab Emirates
13203,United Arab Emirates
13204,United Arab Emirates
13205,United Arab Emirates
13206,United Arab Emirates
13207,United Arab Emirates
13348,United States
13349,United States
13397,United States
13589,Saudi Arabia
12525,United States
13799,United States
13293,Saudi Arabia
13522,Argentina
13523,Argentina
13524,Argentina
13750,Argentina
12189,United States
12190,United States
12191,United States
12192,United States
12193,United States
12194,United States
13538,Egypt
LES-9970,United States
13611,Saudi Arabia
13314,Saudi Arabia
13315,Saudi Arabia
13399,Saudi Arabia
13771,United States
13447,United States
13517,United States
12845,Bahrain
13263,Argentina
13834,United States
13891,Argentina
14158,Argentina
14320,United States
14120,Indonesia
11903,United States
13583,United States
14625,United States
14626,United States
12579,United States
13307,Saudi Arabia
13308,Saudi Arabia
13320,Saudi Arabia
11420,United States
13703,Canada
12123,United Arab Emirates
12124,United Arab Emirates
12125,United Arab Emirates
12126,United Arab Emirates
12127,United Arab Emirates
13640,Iraq
13641,Iraq
13642,Iraq
14344,Libya
12558,United States
12773,Denmark
13166,Denmark
13582,Denmark
13710,Denmark
14107,Denmark
12077,Mexico
12360,United States
11978,Saudi Arabia
12763,Colombia
13645,Colombia
12078,Kuwait
12079,Kuwait
12080,Kuwait
12081,Kuwait
12218,Kuwait
13184,Kuwait
13185,Kuwait
13186,Kuwait
13813,Kuwait
13814,Kuwait
13815,United States
13816,Kuwait
14588,Vietnam
13539,Vietnam
12289,Saudi Arabia
12290,Indonesia
12618,Saudi Arabia
12696,Argentina
12196,United States
12197,United States
12198,United States
12199,United States
12200,United States
13620,United States
14609,Denmark
14610,Denmark
14611,Denmark
14171,United States
13588,Saudi Arabia
13607,Canada
12765,Norway
12766,Norway
14485,United States
14765,United States
11890,Italy
13250,Norway
13485,United States
14515,New Zealand
12672,Iraq
12473,Canada
12183,Oman
12787,United States
13617,United States
13997,United States
12205,United States
12691,United States
13254,United States
13616,United States
13652,United States
13653,United States
13732,United States
13733,United States
13797,United States
13841,United States
14062,United States
14064,United States
14132,United States
14208,United States
14265,United States
14291,United States
14350,United States
14486,United States
14575,United States
14748,United States
14749,United States
14766,United States
13248,United States
12650,United States
14488,Italy
11713,Norway
12043,Norway
13302,Argentina
13892,Argentina
13213,Canada
13214,Canada
13215,United Arab Emirates
13216,United Arab Emirates
13217,United Arab Emirates
13218,United Arab Emirates
13219,United Arab Emirates
13220,United Arab Emirates
13221,United Arab Emirates
13222,United Arab Emirates
13350,United States
13351,United States
13789,United States
13790,United States
13964,United States
13965,United States
14053,United States
14148,United States
14565,United States
14566,United States
14745,United States
12366,Qatar
12367,Qatar
12518,Qatar
12862,Qatar
13042,Qatar
13084,Qatar
13731,Qatar
14406,Qatar
14570,Qatar
11917,United States
13801,United States
14463,United States
13323,United States
11955,United Arab Emirates
11905,Kazakhstan
12182,Kazakhstan
14519,Iraq
14495,United States
13780,United Arab Emirates
13781,United Arab Emirates
13782,United Arab Emirates
13422,United States
14827,Oman
14828,Oman
12155,Canada
12156,Canada
12157,Canada
12158,Canada
12159,Canada
12160,Canada
12161,Canada
12162,Canada
12163,Canada
12865,Canada
12866,Canada
12867,Canada
12868,Canada
14362,United Arab Emirates
14363,United Arab Emirates
14364,United Arab Emirates
14365,United Arab Emirates
14366,United Arab Emirates
14367,United Arab Emirates
14368,United Arab Emirates
14369,United Arab Emirates
14370,United Arab Emirates
14371,United Arab Emirates
14372,United Arab Emirates
14373,United Arab Emirates
12460,Argentina
14285,United States
14212,United States
14111,United States
14112,United States
14113,United States
13751,Argentina
12050,Mexico
12302,Mexico
13881,Mexico
14255,Mexico
14314,Mexico
12133,United States
12524,United States
12136,Canada
12137,Canada
12138,Canada
12139,Canada
12140,Canada
13672,United States
13580,Norway
11801,Oman
11802,Oman
11803,Oman
13146,United Arab Emirates
12873,Oman
13639,Oman
13644,Oman
14150,Oman
11912,United States
12686,United States
12575,United States
12656,United States
11744,United States
12590,New Zealand
12591,New Zealand
14210,United Arab Emirates
14233,United Arab Emirates
14234,United Arab Emirates
12285,Saudi Arabia
12347,Saudi Arabia
13327,Saudi Arabia
14523,Saudi Arabia
14524,Saudi Arabia
12484,Mexico
11980,Saudi Arabia
12900,Saudi Arabia
12927,Saudi Arabia
13073,Saudi Arabia
13074,Saudi Arabia
13075,Saudi Arabia
13076,Saudi Arabia
12928,Saudi Arabia
13070,Saudi Arabia
13071,Saudi Arabia
13072,Saudi Arabia
13760,Saudi Arabia
13128,Brazil
"11679, 11679A, 11679B, 11679C",United States
14439,United States
9966,Colombia
14461,Canada
14462,Canada
11951,United States
14732,United States
12854,Egypt
12631,Ecuador
13040,Iraq
13041,Iraq
12853,Mexico
14221,Colombia
12033,United States
13537,Colombia
12071,Kuwait
12072,Kuwait
13808,Kuwait
13809,Kuwait
12068,United States
12356,United States
12659,United States
12882,United States
13130,United States
13824,United States
"11424,",United States
14102,Argentina
14744,United States
14730,Colombia
13187,United States
13861,United States
11841,Norway
12067,United States
14279,United States
14315,United States
14528,United States
11901,Algeria
11902,Algeria
12468,Norway
12469,Norway
11918,United States
14389,United States
11931,Angola
12097,Angola
12470,Angola
12611,Egypt
12612,Egypt
12613,Egypt
13018,Angola
13141,Mexico
13142,Mexico
13143,Colombia
13144,Colombia
13498,Angola
13724,Angola
13725,Angola
13894,Angola
12848,United States
12056,Colombia
12651,Mexico
12902,United States
12150,United States
13585,United States
12652,Mexico
14522,Saudi Arabia
11924,Tunisia
12963,Tunisia
14335,United States
14337,United States
12227,Kazakhstan
12654,Mexico
13767,Algeria
13400,United States
13791,United States
13792,United States
14078,United States
14281,United States
14332,United States
14399,United States
14567,United States
14568,United States
"11239,",United States
10937,United States
12653,Mexico
10845,Indonesia
13969,Brazil
11981,Saudi Arabia
13715,China
14194,Iraq
13114,United States
14649,United States
12291,United States
12932,United States
12939,United States
14249,United States
14502,United States
14759,United States
"11129,",United States
12712,United States
12465,Saudi Arabia
11916,United States
13003,Ukraine
13309,Saudi Arabia
13310,Saudi Arabia
14404,Norway
14413,Norway
12913,Mexico
11939,Qatar
11940,Qatar
12365,Qatar
12516,Qatar
12517,Qatar
12863,Qatar
13728,Qatar
14571,Qatar
14572,Qatar
14573,Qatar
13584,United States
13704,Canada
14428,United States
10708,United States
12510,Iraq
14706,China
13899,United States
12226,Kazakhstan
12359,United States
12467,United States
12875,United States
14235,United States
14708,United States
14589,Germany
11892,Brazil
13127,Brazil
13445,United States
13452,United States
12655,Mexico
13369,India
13370,India
13375,India
13376,India
13316,Saudi Arabia
14123,Mexico
14654,Mexico
14715,Mexico
14172,United States
14228,Germany
12721,Ecuador
13027,Ecuador
14641,Ecuador
12587,India
12680,India
12681,India
13045,Saudi Arabia
13046,Saudi Arabia
12903,United States
"11246,",United States
13113,Saudi Arabia
12570,United States
12901,United States
13723,Mexico
12354,Canada
11842,Nigeria
13778,Saudi Arabia
12679,Angola
13224,Canada
13342,Egypt
13343,Egypt
13419,Canada
13711,Canada
11925,Brazil
12835,United States
13516,Mexico
13991,Mexico
12413,United States
11729,United States
14506,United Arab Emirates
14489A,United States
11478,Argentina
12119,United States
12583,United States
13381,United States
12410,Norway
12992,United Arab Emirates
12993,United Arab Emirates
13147,United Arab Emirates
13530A--H,Canada
14209,Saudi Arabia
12278,United States
12221,United States
12509,Iraq
13246,Canada
11753,New Zealand
11754,New Zealand
13098,Brazil
13099,Brazil
11959,Egypt
12120,United Arab Emirates
12555,United States
13972,Egypt
14226,United Arab Emirates
"11946, 12207H, 12232D, 122232E, 12232E, 12232F, 12232G, 12445A, 12445B, 12445C, 12445D, 12232E, 12445I, 12445J",Canada
12988,Iraq
12989,Iraq
13796,Nigeria
13531,Canada
13968,United Arab Emirates
13364,India
13371,India
13372,India
13373,India
13374,India
14578,Germany
14579,Germany
10910,United States
13096,United States
13830,Saudi Arabia
14396,Netherlands
12166,Canada
12167,Canada
12168,Canada
12169,Canada
12170,Canada
12171,Canada
12172,Canada
12173,Canada
13840,Kazakhstan
11891,United States
12129,United States
12417,United States
13140,United States
13398,United States
13999,United States
14514,United States
12559,United States
12052,United States
12637,United States
12973,United States
14043,United States
13047,Saudi Arabia
13048,Saudi Arabia
14101,Colombia
10497,United States
12293,Mexico
13608,Mexico
14308,Mexico
14755,United Kingdom
14756,United Kingdom
12288,Mexico
14768,Colombia
12358,United States
13527,Canada
14220,United States
13698,United States
13854,Ghana
13453,United States
11979,Saudi Arabia
12929,Saudi Arabia
12930,Saudi Arabia
13687,Thailand
14299,Thailand
14298,Thailand
14052,Trinidad and Tobago
13448,Ukraine
12533,United States
11894,Brazil
11896,Brazil
12181,Brazil
14505,Brazil
12523,Italy
12869,Iraq
12422,United States
"10909,",United States
14007,Congo
14290,Congo
9902,United States
11963,Algeria
14647,Colombia
14286,Canada
14747,United States
12690,Libya
12560,United States
13807,United States
14147,United States
14837,United States
14063,Ecuador
14074,Canada
12858,Italy
12187,United States
12188,United States
12486,Mexico
12277,Egypt
13086,United Arab Emirates
14227,United Arab Emirates
12287,Saudi Arabia
12349,Saudi Arabia
12350,Saudi Arabia
12564,United States
12688,Saudi Arabia
12933,United States
14525,Saudi Arabia
11920,Canada
11922,Canada
13362,India
13363,United Arab Emirates
14336,United States
11923,Canada
14260,United States
14453,United States
13686,Egypt
14725,Egypt
11962,Saudi Arabia
12047,Argentina
12534,United States
13886A-H,United States
13885,United States
13326,Saudi Arabia
14216,United Arab Emirates
12462,Norway
14075,Mexico
11776,United States
12317,United States
13533,United States
13624,United States
13831,United States
14639,United States
12640,Canada
14446,Canada
12423,Brazil
12424,Brazil
12857,Brazil
14244,Brazil
13626,Mexico
12117,United States
12556,United States
13001,United States
13225,Mexico
13594,United States
14533,Brazil
14254,United States
13577,Netherlands
13352,Saudi Arabia
12286,Saudi Arabia
12348,Saudi Arabia
13581,Denmark
12636,Canada
11888,Canada
13049,Canada
13590,Canada
13591,Canada
13359,Saudi Arabia
11960,Egypt
11961,Egypt
13970,Egypt
13971,Egypt
14230,Egypt
11538,United States
11956,United Arab Emirates
12699,United Arab Emirates
14705,China
13295,Saudi Arabia
13395,Canada
14094,Canada
14159,Canada
11863,Chile
14504,Iraq
11899,Algeria
11900,Algeria
13039,Canada
"12604E,F,G,H,I,J,K",United States
11843,Nigeria
11844,Nigeria
12846,Bahrain
13888,United States
13889,United States
13890,United States
13832,Mexico
14638,Mexico
12363,United States
13747,Italy
13748,Italy
11957,Algeria
14202,Mexico
13131,Canada
13803,Canada
14109,Canada
14110,Canada
14721,United Arab Emirates
13150,United States
12089,Colombia
13256,United States
13257,United States
13258,United States
13259,United States
14712,Mexico
11625,United States
12994,United Arab Emirates
12638,Canada
14289,Nigeria
12051,United States
12519,United States
12952,Mexico
13266,Mexico
13269,Mexico
13621,Mexico
13674,Mexico
14057,Mexico
13249,United States
14003,Canada
12557,United States
12694,Mexico
13526,Mozambique
13690,Mozambique
14217,United States
14263,Germany
14055,Mexico
14200,United States
12568,United States
12647,United States
12648,United States
12692,United States
13062,Italy
12724,United States
13054,Colombia
13365,India
13366,India
13367,India
13368,India
12049,United States
12425,Mexico
12953,Mexico
13265,Mexico
13268,Mexico
13673,Mexico
14282,Mexico
13709,Nigeria
12458,United States
13051,Canada
13052,Canada
13595,Canada
13596,Canada
13597,Canada
13598,Canada
13599,Canada
14832,United States
12877,Iraq
12917,Iraq
12931,Iraq
11953,United States
13388,United States
13389,United States
13125,Brazil
13126,Brazil
14544,Argentina
12803,Egypt
12804,Egypt
14124,Colombia
14434,Mexico
12024,Colombia
11948,Bolivia
11904,United States
13676,Brazil
12610,United States
12847,United States
13396,Canada
11692,Canada
11725,United States
13010,Algeria
13092,Algeria
13280,United Arab Emirates
14019,Netherlands
13189,Mexico
14201,Mexico
12838,United States
13270,Mexico
13260,United States
13261,United States
13387,United States
14584,Bolivia
14437,Mexico
14070,United States
14397,Colombia
13794,Nigeria
14833,Nigeria
13392,United States
13393,United States
13826,Saudi Arabia
12477,Congo
12938,Congo
13759,Congo
14213,Congo
13549,Brazil
13550,Brazil
13677,Brazil
12331,United States
13535,Saudi Arabia
"12639A,B,C,D,E",Canada
13004,Ukraine
12817,United States
13137,United States
14503,United States
11789,United States
13297,Canada
14104,United States
13887A,Congo
14199,United States
14077,United States
12582,Mexico
14769,Colombia
14629,Mexico
11943,United States
12498,United States
14174,United States
14008,Mexico
12539,United States
14636,Trinidad and Tobago
12100,Mexico
13770,Colombia
13528C-I,Canada
13354,Mexico
14403,United States
12295,Egypt
12454,Colombia
"12054, 12054A, 12054B, 12054C, 12054DEF",Canada
"12055, 12055AB, 12055C, 12055D, 12055F",Canada
11848,United States
12066,United States
12215,United States
12540,United States
12563,United States
12874,United States
13059,United States
13303,United States
13761,United States
14459,United States
13887,United States
12029,Canada
12030,Canada
12418,Canada
12419,Canada
12580,Canada
12581,Canada
13281,Canada
13282,Canada
13688,Canada
13689,Canada
14119,Canada
14163,Canada
14517,Canada
14155,United States
11950,United States
13671,Mexico
13542,Canada
13788,Canada
13497,Tunisia
12332,United States
11895,United States
12474,Congo
12128,United States
"11613, 11613A, 11613A, 11613 B&C, 11613D, 11613F",Canada
12351,Saudi Arabia
12352,Saudi Arabia
12527,Qatar
11826,Canada
11827,Canada
12046,Ecuador
12861,Ukraine
14516,United States
14009,United States
13795,Nigeria
11857,United States
11915,Colombia
12774,United States
13804,Canada
13805,Canada
14072,Canada
14491,United Arab Emirates
14492,United Arab Emirates
14493,United Arab Emirates
14719,United Arab Emirates
14720,United Arab Emirates
13820,Argentina
12412,Congo
13446,Congo
14006,Congo
14398,Congo
12958,Colombia
13623,Colombia
12890,United States
11787,Canada
13360,India
13361,United Arab Emirates
14054,United States
11875,Iraq
12328,Iraq
12375,Iraq
12376,Iraq
"11573,",Iraq
13670,United States
12456,Colombia
11172,Canada
13776,United States
14081,United States
13545,United States
14106,United States
13180,Mexico
14211,United States
12280,Mexico
12457,United States
14700,Ecuador
14165,Algeria
14166,Algeria
11994,United States
11893,United States
14205,Canada
14324,Canada
14583,Canada
13394,Mexico
12605,Egypt
14839,United States
12796,Congo
12789,Canada
12790,Canada
14542,United States
13296,Saudi Arabia
12069,Ecuador
1268713701,United States
12906,United States
12907,United States
12099,Mexico
"13889A,B,C,D,E",United States
13450,Ecuador
11202,United States
13587,United States
13251,United States
14438,United States
13847,United Kingdom
12687,Canada
10854B,United States
12037,Colombia
12567,United States
12362,United States
14103,United States
11935,Denmark
12297,United States
11821,Algeria
12634,Algeria
12635,Algeria
13008,Algeria
13009,Algeria
14707,Congo
12682,Norway
13032,Canada
11913,Chile
14834,Chile
12476,United States
12619,United States
12667,United States
"11491,",United States
14256,United States
14429,United States
12184,Ecuador
13094,Ecuador
"13529B.C,D,E,F",Canada
12669,United States
14390,United States
13033,Canada
14633,Mexico
13358,Saudi Arabia
12788,Italy
14292,Nigeria
14293,Nigeria
14294,Nigeria
14295,Nigeria
12296,Egypt
14096,Norway
14097,Norway
"11519, , 11519A, 11519A, 11519 B C D E, 11519 B C D E, 11519 F",Canada
13622,Mexico
"11949, 11949C",Canada
14086,United States
11958,Tunisia
13044,United States
12490,United States
14035,United States
14122,Canada
14262,United States
12091,United States
12134,United States
12475,United States
12092,United States
13116,United States
14090,United States
13749,Italy
13083,Mexico
12028,Canada
12965,United States
13962,Canada
12852,Egypt
11707,Colombia
12485,Mexico
12881,United States
12148,Norway
12571,Mexico
11914,Colombia
12335,Norway
12336,Norway
13558,United States
12627,Algeria
13117,United States
13118,United States
13380,Canada
14297,Mexico
12572,Mexico
11876,Iraq
11877,Iraq
12329,Iraq
12372,Iraq
12373,Iraq
12374,Iraq
12878,Iraq
12918,Iraq
12919,Iraq
12920,Iraq
13271,Mexico
13643,United States
13734,Canada
14105,Canada
"11434,",United States
14640,Mexico
12070,Mexico
13779,United States
13557,Ecuador
"11564,",United States
13415A,United States
11846,Canada
13635,Qatar
13152,Mexico
12725,United States
14716,Algeria
12798,Canada
"11549,",United States
13415,United States
13835,United States
11921E-H,Canada
13827A,Mexico
11778,Mexico
13421,Mexico
11447,United Arab Emirates
12452,United States
9892,United States
13272,Mexico
11470,United States
13255,United States
14331,United States
11852,Vietnam
13462,United States
13479,United States
12368,Canada
12369,Canada
12370,United States
12442,United States
14540,Italy
12636D--G,Canada
12772,United States
11949AB,Canada
10669A,United States
"13038AA,AB,AC",Canada
14004,Canada
14334,Canada
13413,Mexico
13414,Mexico
14091,Mexico
14092,Mexico
12856,United States
13012,United States
12872,Mexico
"12239, 12239A,B, 12239 C",Canada
12762,Mexico
"11640 C, 11640C",Canada
11909,United States
8232,United States
11687,United States
11688,United States
11921BCD,Canada
12608,United States
12011,United States
"13529G,H,I",Canada
"13703A,B,C",Canada
"13531E-G,13703D",Canada
11444,Argentina
"12636D,E,F",Canada
11990,United States
"12566A, 12566, 12566A",Canada
"13531A,B",Canada
"13038AD,13038AD,13039H",United States
11691,Canada
"13531C,D",Canada
11874C-D,Canada
13158,Canada
12887A,United States
14095,Canada
12389,Colombia
11949C,Canada
10182,United States
12364,Canada
"11788, 11788 G, 11788A, 11788B, 11788C, 11788D, 11788E, 11788 F, 11788F",Canada
12687A,Canada
13529A,Canada
12566,Canada
"12604M,13139A",United States
12889G,Canada
"12604, 12604ABCD",Canada
14009A,United States
"11172, 11172A",Canada
13888A,United States
12055E,Canada
12055F,Canada
13704A,Canada
12658B,United States
12887C,United States
13633A-1,United States
13633A-2,United States
13633A-3,United States
13462A,United States
14441,United States
12887B,United States
11081,Canada
10057D,Canada
14668,United States
11716,Mexico
11717,Mexico
11718,Mexico
11719,Mexico
11720,Mexico
,United States
13339,United States
11836,Kuwait
12035,Argentina
13697,United States
